Domain,Emails,Phone Numbers,Instagram,LinkedIn,X,Other Socials
morentz.com,,,https://www.instagram.com/morentz_gallery/?hl=en,,,https://nl.pinterest.com/morentz_gallery/
logoboss.com,orders@logoboss.com,(925) 600-1234; 925-600-1234; 9256001234,,,http://twitter.com/thelogoboss,https://www.facebook.com/thelogoboss/; https://www.youtube.com/Logoboss
arpdesign.com,info@arpdesign.com,,https://instagram.com/arpdesign,,,https://www.facebook.com/arpdesign; https://www.pinterest.com/arpdesign
flagmakers.co.nz,sales@flagmakers.co.nz,,,,,
abnormalsanonymous.com,,,https://www.instagram.com/abnormalsanonymous/,,,https://www.pinterest.com/abnormalsanonymous/
switchfoot.com,,1,https://www.instagram.com/switchfoot/,,https://twitter.com/switchfoot,https://www.facebook.com/switchfoot; https://www.youtube.com/user/Switchfoot; https://www.tiktok.com/@switchfootofficial; https://www.snapchat.com/add/switch.foot
decotiis.it,gallery@decotiis.it,0,https://www.instagram.com/vdecotiis/,,https://twitter.com/vdecotiis,
bitossiceramiche.it,,0,https://www.instagram.com/bitossi_ceramiche,,,https://www.facebook.com/bitossiceramiche
sinimabeats.com,,,https://instagram.com/sinimabeats,,https://twitter.com/sinimabeats,https://www.facebook.com/sinimabeats; https://www.youtube.com/sinimabeats
theprophouse.com.au,info@theprophouse.com.au,(07) 3555 8660; +61735558660,https://www.instagram.com/theprophouse_/,https://www.linkedin.com/company/the-prop-house-collective/,,https://www.facebook.com/theprophouse
medusa-copenhagen.dk,info@medusa-copenhagen.dk,+45+45 20 78 73 36,https://www.instagram.com/medusacopenhagen/,,,https://www.facebook.com/medusacopenhagen
rhettandlink.com,mythical@align-pr.com,,https://www.instagram.com/mythical,,https://www.twitter.com/mythical,https://www.facebook.com/mythical; https://www.snapchat.com/discover/Good_Mythical_Morning/6550210155; https://www.tiktok.com/@mythical; https://www.youtube.com/goodmythicalmorning
regalrose.co.uk,care@regalrose.co.uk,,https://instagram.com/regalrose,,http://twitter.com/intent/tweet?text=A DEEP LURE. Romantic Pearl Choker - Silver &url=https://www.regalrose.co.uk/products/a-deep-lure-romantic-pearl-choker-silver,http://www.facebook.com/sharer.php?u=https://www.regalrose.co.uk/products/a-deep-lure-romantic-pearl-choker-silver; http://pinterest.com/pin/create/button/?url=https://www.regalrose.co.uk/products/a-deep-lure-romantic-pearl-choker-silver&media=http://www.regalrose.co.uk/cdn/shop/files/A-DEEP-LURE.-Romantic-Pearl-Choker---Silver_1024x1024.jpg?v=1741971423; https://www.tiktok.com/@regalrose.com
gillianjonesdesigns.com,Gillian@gillianjonesdesigns.com,02392 984415,,,,
jasonfriend.co.uk,,,https://www.instagram.com/jasonfriendphotography/,,https://twitter.com/jasonfriendcouk,https://www.youtube.com/c/jasonfriendphotography; https://www.facebook.com/jasonfriendphotography/
gramovox.com,support@verticalgrooves.com,,https://www.instagram.com/gramovox/,,https://twitter.com/Gramovox,https://www.facebook.com/Gramovox; https://www.youtube.com/user/Gramovox/feed; https://www.pinterest.com/gramovox/_created/
saplingpress.com,,,https://instagram.com/saplingpress/,,https://twitter.com/saplingpress,https://www.pinterest.com/saplingpress/; https://www.facebook.com/saplingpress/
jennywolfinteriors.com,,,https://instagram.com/thehuntressny,,,https://www.facebook.com/thehuntressny; https://www.pinterest.com/jennywolfint
groovemonkee.com,,,,,,
hillvale.com.au,develop@hillvale.com.au,,https://instagram.com/hillvalephoto,,,https://www.facebook.com/hillvalephoto
mirenesse.com,,,https://www.instagram.com/mirenessecosmetics/,,https://twitter.com/mirenesse,https://www.facebook.com/MirenesseCosmetics/; https://www.tiktok.com/@mirenessecosmetics; https://www.youtube.com/user/mirenessecosmetics
